--
-- PostgreSQL database dump
--

-- Dumped from database version 14.13 (Debian 14.13-1.pgdg120+1)
-- Dumped by pg_dump version 14.13 (Debian 14.13-1.pgdg120+1)

SET statement_timeout = 0;
SET lock_timeout = 0;
SET idle_in_transaction_session_timeout = 0;
SET client_encoding = 'UTF8';
SET standard_conforming_strings = on;
SELECT pg_catalog.set_config('search_path', '', false);
SET check_function_bodies = false;
SET xmloption = content;
SET client_min_messages = warning;
SET row_security = off;

SET default_tablespace = '';

SET default_table_access_method = heap;

--
-- Name: auth_group; Type: TABLE; Schema: public; Owner: postgres
--

CREATE TABLE public.auth_group (
    id integer NOT NULL,
    name character varying(150) NOT NULL
);


ALTER TABLE public.auth_group OWNER TO postgres;

--
-- Name: auth_group_id_seq; Type: SEQUENCE; Schema: public; Owner: postgres
--

ALTER TABLE public.auth_group ALTER COLUMN id ADD GENERATED BY DEFAULT AS IDENTITY (
    SEQUENCE NAME public.auth_group_id_seq
    START WITH 1
    INCREMENT BY 1
    NO MINVALUE
    NO MAXVALUE
    CACHE 1
);


--
-- Name: auth_group_permissions; Type: TABLE; Schema: public; Owner: postgres
--

CREATE TABLE public.auth_group_permissions (
    id bigint NOT NULL,
    group_id integer NOT NULL,
    permission_id integer NOT NULL
);


ALTER TABLE public.auth_group_permissions OWNER TO postgres;

--
-- Name: auth_group_permissions_id_seq; Type: SEQUENCE; Schema: public; Owner: postgres
--

ALTER TABLE public.auth_group_permissions ALTER COLUMN id ADD GENERATED BY DEFAULT AS IDENTITY (
    SEQUENCE NAME public.auth_group_permissions_id_seq
    START WITH 1
    INCREMENT BY 1
    NO MINVALUE
    NO MAXVALUE
    CACHE 1
);


--
-- Name: auth_permission; Type: TABLE; Schema: public; Owner: postgres
--

CREATE TABLE public.auth_permission (
    id integer NOT NULL,
    name character varying(255) NOT NULL,
    content_type_id integer NOT NULL,
    codename character varying(100) NOT NULL
);


ALTER TABLE public.auth_permission OWNER TO postgres;

--
-- Name: auth_permission_id_seq; Type: SEQUENCE; Schema: public; Owner: postgres
--

ALTER TABLE public.auth_permission ALTER COLUMN id ADD GENERATED BY DEFAULT AS IDENTITY (
    SEQUENCE NAME public.auth_permission_id_seq
    START WITH 1
    INCREMENT BY 1
    NO MINVALUE
    NO MAXVALUE
    CACHE 1
);


--
-- Name: auth_user; Type: TABLE; Schema: public; Owner: postgres
--

CREATE TABLE public.auth_user (
    id integer NOT NULL,
    password character varying(128) NOT NULL,
    last_login timestamp with time zone,
    is_superuser boolean NOT NULL,
    username character varying(150) NOT NULL,
    first_name character varying(150) NOT NULL,
    last_name character varying(150) NOT NULL,
    email character varying(254) NOT NULL,
    is_staff boolean NOT NULL,
    is_active boolean NOT NULL,
    date_joined timestamp with time zone NOT NULL
);


ALTER TABLE public.auth_user OWNER TO postgres;

--
-- Name: auth_user_groups; Type: TABLE; Schema: public; Owner: postgres
--

CREATE TABLE public.auth_user_groups (
    id bigint NOT NULL,
    user_id integer NOT NULL,
    group_id integer NOT NULL
);


ALTER TABLE public.auth_user_groups OWNER TO postgres;

--
-- Name: auth_user_groups_id_seq; Type: SEQUENCE; Schema: public; Owner: postgres
--

ALTER TABLE public.auth_user_groups ALTER COLUMN id ADD GENERATED BY DEFAULT AS IDENTITY (
    SEQUENCE NAME public.auth_user_groups_id_seq
    START WITH 1
    INCREMENT BY 1
    NO MINVALUE
    NO MAXVALUE
    CACHE 1
);


--
-- Name: auth_user_id_seq; Type: SEQUENCE; Schema: public; Owner: postgres
--

ALTER TABLE public.auth_user ALTER COLUMN id ADD GENERATED BY DEFAULT AS IDENTITY (
    SEQUENCE NAME public.auth_user_id_seq
    START WITH 1
    INCREMENT BY 1
    NO MINVALUE
    NO MAXVALUE
    CACHE 1
);


--
-- Name: auth_user_user_permissions; Type: TABLE; Schema: public; Owner: postgres
--

CREATE TABLE public.auth_user_user_permissions (
    id bigint NOT NULL,
    user_id integer NOT NULL,
    permission_id integer NOT NULL
);


ALTER TABLE public.auth_user_user_permissions OWNER TO postgres;

--
-- Name: auth_user_user_permissions_id_seq; Type: SEQUENCE; Schema: public; Owner: postgres
--

ALTER TABLE public.auth_user_user_permissions ALTER COLUMN id ADD GENERATED BY DEFAULT AS IDENTITY (
    SEQUENCE NAME public.auth_user_user_permissions_id_seq
    START WITH 1
    INCREMENT BY 1
    NO MINVALUE
    NO MAXVALUE
    CACHE 1
);


--
-- Name: boundingbox_boundingbox; Type: TABLE; Schema: public; Owner: postgres
--

CREATE TABLE public.boundingbox_boundingbox (
    id bigint NOT NULL,
    island_name character varying(255) NOT NULL,
    "westBoundLongitude" double precision NOT NULL,
    "eastBoundLongitude" double precision NOT NULL,
    "southBoundLatitude" double precision NOT NULL,
    "northBoundLatitude" double precision NOT NULL
);


ALTER TABLE public.boundingbox_boundingbox OWNER TO postgres;

--
-- Name: boundingbox_boundingbox_id_seq; Type: SEQUENCE; Schema: public; Owner: postgres
--

ALTER TABLE public.boundingbox_boundingbox ALTER COLUMN id ADD GENERATED BY DEFAULT AS IDENTITY (
    SEQUENCE NAME public.boundingbox_boundingbox_id_seq
    START WITH 1
    INCREMENT BY 1
    NO MINVALUE
    NO MAXVALUE
    CACHE 1
);


--
-- Name: contact_contact; Type: TABLE; Schema: public; Owner: postgres
--

CREATE TABLE public.contact_contact (
    id bigint NOT NULL,
    name character varying(255) NOT NULL,
    email character varying(255) NOT NULL
);


ALTER TABLE public.contact_contact OWNER TO postgres;

--
-- Name: contact_contact_id_seq; Type: SEQUENCE; Schema: public; Owner: postgres
--

ALTER TABLE public.contact_contact ALTER COLUMN id ADD GENERATED BY DEFAULT AS IDENTITY (
    SEQUENCE NAME public.contact_contact_id_seq
    START WITH 1
    INCREMENT BY 1
    NO MINVALUE
    NO MAXVALUE
    CACHE 1
);


--
-- Name: dataType_datatype; Type: TABLE; Schema: public; Owner: postgres
--

CREATE TABLE public."dataType_datatype" (
    id bigint NOT NULL,
    name character varying(255) NOT NULL
);


ALTER TABLE public."dataType_datatype" OWNER TO postgres;

--
-- Name: dataType_datatype_id_seq; Type: SEQUENCE; Schema: public; Owner: postgres
--

ALTER TABLE public."dataType_datatype" ALTER COLUMN id ADD GENERATED BY DEFAULT AS IDENTITY (
    SEQUENCE NAME public."dataType_datatype_id_seq"
    START WITH 1
    INCREMENT BY 1
    NO MINVALUE
    NO MAXVALUE
    CACHE 1
);


--
-- Name: datasets_dataset; Type: TABLE; Schema: public; Owner: postgres
--

CREATE TABLE public.datasets_dataset (
    id bigint NOT NULL,
    title character varying(255) NOT NULL,
    abstract character varying(255) NOT NULL,
    file character varying(100),
    language character varying(255) NOT NULL,
    "temporalCoverageFrom" timestamp with time zone NOT NULL,
    "temportalCoverageTo" timestamp with time zone NOT NULL,
    version character varying(255) NOT NULL,
    "dataType_id" bigint NOT NULL,
    project_id bigint NOT NULL,
    "SpatialInfo_id" bigint NOT NULL,
    "boundingBox_id" bigint,
    "GeoReferenceSystem" character varying(255) NOT NULL,
    contact_id bigint NOT NULL,
    license character varying(255) NOT NULL,
    publisher character varying(255) NOT NULL,
    "LocalAccessPath" character varying(255),
    "openAccess" boolean NOT NULL,
    "autoGenerateBBOX" boolean NOT NULL,
    created_at timestamp with time zone NOT NULL,
    updated_at timestamp with time zone NOT NULL
);


ALTER TABLE public.datasets_dataset OWNER TO postgres;

--
-- Name: datasets_dataset_Tag; Type: TABLE; Schema: public; Owner: postgres
--

CREATE TABLE public."datasets_dataset_Tag" (
    id bigint NOT NULL,
    dataset_id bigint NOT NULL,
    tag_id bigint NOT NULL
);


ALTER TABLE public."datasets_dataset_Tag" OWNER TO postgres;

--
-- Name: datasets_dataset_Tag_id_seq; Type: SEQUENCE; Schema: public; Owner: postgres
--

ALTER TABLE public."datasets_dataset_Tag" ALTER COLUMN id ADD GENERATED BY DEFAULT AS IDENTITY (
    SEQUENCE NAME public."datasets_dataset_Tag_id_seq"
    START WITH 1
    INCREMENT BY 1
    NO MINVALUE
    NO MAXVALUE
    CACHE 1
);


--
-- Name: datasets_dataset_Topic; Type: TABLE; Schema: public; Owner: postgres
--

CREATE TABLE public."datasets_dataset_Topic" (
    id bigint NOT NULL,
    dataset_id bigint NOT NULL,
    topic_id bigint NOT NULL
);


ALTER TABLE public."datasets_dataset_Topic" OWNER TO postgres;

--
-- Name: datasets_dataset_Topic_id_seq; Type: SEQUENCE; Schema: public; Owner: postgres
--

ALTER TABLE public."datasets_dataset_Topic" ALTER COLUMN id ADD GENERATED BY DEFAULT AS IDENTITY (
    SEQUENCE NAME public."datasets_dataset_Topic_id_seq"
    START WITH 1
    INCREMENT BY 1
    NO MINVALUE
    NO MAXVALUE
    CACHE 1
);


--
-- Name: datasets_dataset_id_seq; Type: SEQUENCE; Schema: public; Owner: postgres
--

ALTER TABLE public.datasets_dataset ALTER COLUMN id ADD GENERATED BY DEFAULT AS IDENTITY (
    SEQUENCE NAME public.datasets_dataset_id_seq
    START WITH 1
    INCREMENT BY 1
    NO MINVALUE
    NO MAXVALUE
    CACHE 1
);


--
-- Name: django_admin_log; Type: TABLE; Schema: public; Owner: postgres
--

CREATE TABLE public.django_admin_log (
    id integer NOT NULL,
    action_time timestamp with time zone NOT NULL,
    object_id text,
    object_repr character varying(200) NOT NULL,
    action_flag smallint NOT NULL,
    change_message text NOT NULL,
    content_type_id integer,
    user_id integer NOT NULL,
    CONSTRAINT django_admin_log_action_flag_check CHECK ((action_flag >= 0))
);


ALTER TABLE public.django_admin_log OWNER TO postgres;

--
-- Name: django_admin_log_id_seq; Type: SEQUENCE; Schema: public; Owner: postgres
--

ALTER TABLE public.django_admin_log ALTER COLUMN id ADD GENERATED BY DEFAULT AS IDENTITY (
    SEQUENCE NAME public.django_admin_log_id_seq
    START WITH 1
    INCREMENT BY 1
    NO MINVALUE
    NO MAXVALUE
    CACHE 1
);


--
-- Name: django_content_type; Type: TABLE; Schema: public; Owner: postgres
--

CREATE TABLE public.django_content_type (
    id integer NOT NULL,
    app_label character varying(100) NOT NULL,
    model character varying(100) NOT NULL
);


ALTER TABLE public.django_content_type OWNER TO postgres;

--
-- Name: django_content_type_id_seq; Type: SEQUENCE; Schema: public; Owner: postgres
--

ALTER TABLE public.django_content_type ALTER COLUMN id ADD GENERATED BY DEFAULT AS IDENTITY (
    SEQUENCE NAME public.django_content_type_id_seq
    START WITH 1
    INCREMENT BY 1
    NO MINVALUE
    NO MAXVALUE
    CACHE 1
);


--
-- Name: django_migrations; Type: TABLE; Schema: public; Owner: postgres
--

CREATE TABLE public.django_migrations (
    id bigint NOT NULL,
    app character varying(255) NOT NULL,
    name character varying(255) NOT NULL,
    applied timestamp with time zone NOT NULL
);


ALTER TABLE public.django_migrations OWNER TO postgres;

--
-- Name: django_migrations_id_seq; Type: SEQUENCE; Schema: public; Owner: postgres
--

ALTER TABLE public.django_migrations ALTER COLUMN id ADD GENERATED BY DEFAULT AS IDENTITY (
    SEQUENCE NAME public.django_migrations_id_seq
    START WITH 1
    INCREMENT BY 1
    NO MINVALUE
    NO MAXVALUE
    CACHE 1
);


--
-- Name: django_session; Type: TABLE; Schema: public; Owner: postgres
--

CREATE TABLE public.django_session (
    session_key character varying(40) NOT NULL,
    session_data text NOT NULL,
    expire_date timestamp with time zone NOT NULL
);


ALTER TABLE public.django_session OWNER TO postgres;

--
-- Name: project_project; Type: TABLE; Schema: public; Owner: postgres
--

CREATE TABLE public.project_project (
    id bigint NOT NULL,
    name character varying(255) NOT NULL
);


ALTER TABLE public.project_project OWNER TO postgres;

--
-- Name: project_project_id_seq; Type: SEQUENCE; Schema: public; Owner: postgres
--

ALTER TABLE public.project_project ALTER COLUMN id ADD GENERATED BY DEFAULT AS IDENTITY (
    SEQUENCE NAME public.project_project_id_seq
    START WITH 1
    INCREMENT BY 1
    NO MINVALUE
    NO MAXVALUE
    CACHE 1
);


--
-- Name: spatialInfo_spatialrepresentationinfo; Type: TABLE; Schema: public; Owner: postgres
--

CREATE TABLE public."spatialInfo_spatialrepresentationinfo" (
    id bigint NOT NULL,
    name character varying(255) NOT NULL
);


ALTER TABLE public."spatialInfo_spatialrepresentationinfo" OWNER TO postgres;

--
-- Name: spatialInfo_spatialrepresentationinfo_id_seq; Type: SEQUENCE; Schema: public; Owner: postgres
--

ALTER TABLE public."spatialInfo_spatialrepresentationinfo" ALTER COLUMN id ADD GENERATED BY DEFAULT AS IDENTITY (
    SEQUENCE NAME public."spatialInfo_spatialrepresentationinfo_id_seq"
    START WITH 1
    INCREMENT BY 1
    NO MINVALUE
    NO MAXVALUE
    CACHE 1
);


--
-- Name: tag_tag; Type: TABLE; Schema: public; Owner: postgres
--

CREATE TABLE public.tag_tag (
    id bigint NOT NULL,
    name character varying(255) NOT NULL
);


ALTER TABLE public.tag_tag OWNER TO postgres;

--
-- Name: tag_tag_id_seq; Type: SEQUENCE; Schema: public; Owner: postgres
--

ALTER TABLE public.tag_tag ALTER COLUMN id ADD GENERATED BY DEFAULT AS IDENTITY (
    SEQUENCE NAME public.tag_tag_id_seq
    START WITH 1
    INCREMENT BY 1
    NO MINVALUE
    NO MAXVALUE
    CACHE 1
);


--
-- Name: topic_topic; Type: TABLE; Schema: public; Owner: postgres
--

CREATE TABLE public.topic_topic (
    id bigint NOT NULL,
    name character varying(255) NOT NULL
);


ALTER TABLE public.topic_topic OWNER TO postgres;

--
-- Name: topic_topic_id_seq; Type: SEQUENCE; Schema: public; Owner: postgres
--

ALTER TABLE public.topic_topic ALTER COLUMN id ADD GENERATED BY DEFAULT AS IDENTITY (
    SEQUENCE NAME public.topic_topic_id_seq
    START WITH 1
    INCREMENT BY 1
    NO MINVALUE
    NO MAXVALUE
    CACHE 1
);


--
-- Data for Name: auth_group; Type: TABLE DATA; Schema: public; Owner: postgres
--

COPY public.auth_group (id, name) FROM stdin;
\.


--
-- Data for Name: auth_group_permissions; Type: TABLE DATA; Schema: public; Owner: postgres
--

COPY public.auth_group_permissions (id, group_id, permission_id) FROM stdin;
\.


--
-- Data for Name: auth_permission; Type: TABLE DATA; Schema: public; Owner: postgres
--

COPY public.auth_permission (id, name, content_type_id, codename) FROM stdin;
1	Can add log entry	1	add_logentry
2	Can change log entry	1	change_logentry
3	Can delete log entry	1	delete_logentry
4	Can view log entry	1	view_logentry
5	Can add permission	2	add_permission
6	Can change permission	2	change_permission
7	Can delete permission	2	delete_permission
8	Can view permission	2	view_permission
9	Can add group	3	add_group
10	Can change group	3	change_group
11	Can delete group	3	delete_group
12	Can view group	3	view_group
13	Can add user	4	add_user
14	Can change user	4	change_user
15	Can delete user	4	delete_user
16	Can view user	4	view_user
17	Can add content type	5	add_contenttype
18	Can change content type	5	change_contenttype
19	Can delete content type	5	delete_contenttype
20	Can view content type	5	view_contenttype
21	Can add session	6	add_session
22	Can change session	6	change_session
23	Can delete session	6	delete_session
24	Can view session	6	view_session
25	Can add dataset	7	add_dataset
26	Can change dataset	7	change_dataset
27	Can delete dataset	7	delete_dataset
28	Can view dataset	7	view_dataset
29	Can add data type	8	add_datatype
30	Can change data type	8	change_datatype
31	Can delete data type	8	delete_datatype
32	Can view data type	8	view_datatype
33	Can add project	9	add_project
34	Can change project	9	change_project
35	Can delete project	9	delete_project
36	Can view project	9	view_project
37	Can add spatial representation info	10	add_spatialrepresentationinfo
38	Can change spatial representation info	10	change_spatialrepresentationinfo
39	Can delete spatial representation info	10	delete_spatialrepresentationinfo
40	Can view spatial representation info	10	view_spatialrepresentationinfo
41	Can add bounding box	11	add_boundingbox
42	Can change bounding box	11	change_boundingbox
43	Can delete bounding box	11	delete_boundingbox
44	Can view bounding box	11	view_boundingbox
45	Can add contact	12	add_contact
46	Can change contact	12	change_contact
47	Can delete contact	12	delete_contact
48	Can view contact	12	view_contact
49	Can add topic	13	add_topic
50	Can change topic	13	change_topic
51	Can delete topic	13	delete_topic
52	Can view topic	13	view_topic
53	Can add tag	14	add_tag
54	Can change tag	14	change_tag
55	Can delete tag	14	delete_tag
56	Can view tag	14	view_tag
\.


--
-- Data for Name: auth_user; Type: TABLE DATA; Schema: public; Owner: postgres
--

COPY public.auth_user (id, password, last_login, is_superuser, username, first_name, last_name, email, is_staff, is_active, date_joined) FROM stdin;
1	pbkdf2_sha256$870000$sNlgxdsZEyQAElQx2hU7Ak$D9s9Lf+eJGIlqTX3JqTlHOVWK0s+d0FnhY4JmWX4oj0=	\N	t	admin			divesha@spc.int	t	t	2024-10-29 03:01:36.396155+00
\.


--
-- Data for Name: auth_user_groups; Type: TABLE DATA; Schema: public; Owner: postgres
--

COPY public.auth_user_groups (id, user_id, group_id) FROM stdin;
\.


--
-- Data for Name: auth_user_user_permissions; Type: TABLE DATA; Schema: public; Owner: postgres
--

COPY public.auth_user_user_permissions (id, user_id, permission_id) FROM stdin;
\.


--
-- Data for Name: boundingbox_boundingbox; Type: TABLE DATA; Schema: public; Owner: postgres
--

COPY public.boundingbox_boundingbox (id, island_name, "westBoundLongitude", "eastBoundLongitude", "southBoundLatitude", "northBoundLatitude") FROM stdin;
\.


--
-- Data for Name: contact_contact; Type: TABLE DATA; Schema: public; Owner: postgres
--

COPY public.contact_contact (id, name, email) FROM stdin;
\.


--
-- Data for Name: dataType_datatype; Type: TABLE DATA; Schema: public; Owner: postgres
--

COPY public."dataType_datatype" (id, name) FROM stdin;
\.


--
-- Data for Name: datasets_dataset; Type: TABLE DATA; Schema: public; Owner: postgres
--

COPY public.datasets_dataset (id, title, abstract, file, language, "temporalCoverageFrom", "temportalCoverageTo", version, "dataType_id", project_id, "SpatialInfo_id", "boundingBox_id", "GeoReferenceSystem", contact_id, license, publisher, "LocalAccessPath", "openAccess", "autoGenerateBBOX", created_at, updated_at) FROM stdin;
\.


--
-- Data for Name: datasets_dataset_Tag; Type: TABLE DATA; Schema: public; Owner: postgres
--

COPY public."datasets_dataset_Tag" (id, dataset_id, tag_id) FROM stdin;
\.


--
-- Data for Name: datasets_dataset_Topic; Type: TABLE DATA; Schema: public; Owner: postgres
--

COPY public."datasets_dataset_Topic" (id, dataset_id, topic_id) FROM stdin;
\.


--
-- Data for Name: django_admin_log; Type: TABLE DATA; Schema: public; Owner: postgres
--

COPY public.django_admin_log (id, action_time, object_id, object_repr, action_flag, change_message, content_type_id, user_id) FROM stdin;
\.


--
-- Data for Name: django_content_type; Type: TABLE DATA; Schema: public; Owner: postgres
--

COPY public.django_content_type (id, app_label, model) FROM stdin;
1	admin	logentry
2	auth	permission
3	auth	group
4	auth	user
5	contenttypes	contenttype
6	sessions	session
7	datasets	dataset
8	dataType	datatype
9	project	project
10	spatialInfo	spatialrepresentationinfo
11	boundingbox	boundingbox
12	contact	contact
13	topic	topic
14	tag	tag
\.


--
-- Data for Name: django_migrations; Type: TABLE DATA; Schema: public; Owner: postgres
--

COPY public.django_migrations (id, app, name, applied) FROM stdin;
1	contenttypes	0001_initial	2024-10-29 02:59:01.456022+00
2	auth	0001_initial	2024-10-29 02:59:01.481827+00
3	admin	0001_initial	2024-10-29 02:59:01.489037+00
4	admin	0002_logentry_remove_auto_add	2024-10-29 02:59:01.492506+00
5	admin	0003_logentry_add_action_flag_choices	2024-10-29 02:59:01.495326+00
6	contenttypes	0002_remove_content_type_name	2024-10-29 02:59:01.50099+00
7	auth	0002_alter_permission_name_max_length	2024-10-29 02:59:01.503792+00
8	auth	0003_alter_user_email_max_length	2024-10-29 02:59:01.506286+00
9	auth	0004_alter_user_username_opts	2024-10-29 02:59:01.508642+00
10	auth	0005_alter_user_last_login_null	2024-10-29 02:59:01.511143+00
11	auth	0006_require_contenttypes_0002	2024-10-29 02:59:01.511536+00
12	auth	0007_alter_validators_add_error_messages	2024-10-29 02:59:01.513926+00
13	auth	0008_alter_user_username_max_length	2024-10-29 02:59:01.518697+00
14	auth	0009_alter_user_last_name_max_length	2024-10-29 02:59:01.521562+00
15	auth	0010_alter_group_name_max_length	2024-10-29 02:59:01.525002+00
16	auth	0011_update_proxy_permissions	2024-10-29 02:59:01.527611+00
17	auth	0012_alter_user_first_name_max_length	2024-10-29 02:59:01.53063+00
18	boundingbox	0001_initial	2024-10-29 02:59:01.532823+00
19	contact	0001_initial	2024-10-29 02:59:01.535204+00
20	dataType	0001_initial	2024-10-29 02:59:01.537058+00
21	tag	0001_initial	2024-10-29 02:59:01.539277+00
22	topic	0001_initial	2024-10-29 02:59:01.540894+00
23	spatialInfo	0001_initial	2024-10-29 02:59:01.542539+00
24	project	0001_initial	2024-10-29 02:59:01.544203+00
25	datasets	0001_initial	2024-10-29 02:59:01.546563+00
26	datasets	0002_dataset_language_dataset_temporalcoveragefrom_and_more	2024-10-29 02:59:01.550831+00
27	datasets	0003_dataset_datatype_id	2024-10-29 02:59:01.554227+00
28	datasets	0004_rename_datatype_id_dataset_datatype	2024-10-29 02:59:01.561058+00
29	datasets	0005_dataset_project	2024-10-29 02:59:01.564452+00
30	datasets	0006_dataset_spatialrepresentationinfo	2024-10-29 02:59:01.568014+00
31	datasets	0007_rename_spatialrepresentationinfo_dataset_spatialinfo	2024-10-29 02:59:01.571323+00
32	datasets	0008_dataset_boundingbox	2024-10-29 02:59:01.574732+00
33	datasets	0009_dataset_geospatialreferencesystem	2024-10-29 02:59:01.576705+00
34	datasets	0010_dataset_contact	2024-10-29 02:59:01.580642+00
35	datasets	0011_dataset_license_dataset_publisher	2024-10-29 02:59:01.585262+00
36	datasets	0012_dataset_localaccesspath_dataset_tag_dataset_topic_and_more	2024-10-29 02:59:01.593517+00
37	datasets	0013_dataset_openaccess	2024-10-29 02:59:01.595868+00
38	datasets	0014_rename_geospatialreferencesystem_dataset_spatialreferencesystem_and_more	2024-10-29 02:59:01.599578+00
39	datasets	0015_rename_spatialreferencesystem_dataset_georeferencesystem	2024-10-29 02:59:01.601601+00
40	datasets	0016_alter_dataset_file	2024-10-29 02:59:01.603781+00
41	datasets	0017_alter_dataset_topic	2024-10-29 02:59:01.612512+00
42	datasets	0018_remove_dataset_topic_dataset_topic	2024-10-29 02:59:01.623085+00
43	datasets	0019_remove_dataset_tag_dataset_tag	2024-10-29 02:59:01.633529+00
44	datasets	0020_dataset_created_at_dataset_updated_at	2024-10-29 02:59:01.638685+00
45	sessions	0001_initial	2024-10-29 02:59:01.642894+00
\.


--
-- Data for Name: django_session; Type: TABLE DATA; Schema: public; Owner: postgres
--

COPY public.django_session (session_key, session_data, expire_date) FROM stdin;
\.


--
-- Data for Name: project_project; Type: TABLE DATA; Schema: public; Owner: postgres
--

COPY public.project_project (id, name) FROM stdin;
\.


--
-- Data for Name: spatialInfo_spatialrepresentationinfo; Type: TABLE DATA; Schema: public; Owner: postgres
--

COPY public."spatialInfo_spatialrepresentationinfo" (id, name) FROM stdin;
\.


--
-- Data for Name: tag_tag; Type: TABLE DATA; Schema: public; Owner: postgres
--

COPY public.tag_tag (id, name) FROM stdin;
\.


--
-- Data for Name: topic_topic; Type: TABLE DATA; Schema: public; Owner: postgres
--

COPY public.topic_topic (id, name) FROM stdin;
\.


--
-- Name: auth_group_id_seq; Type: SEQUENCE SET; Schema: public; Owner: postgres
--

SELECT pg_catalog.setval('public.auth_group_id_seq', 1, false);


--
-- Name: auth_group_permissions_id_seq; Type: SEQUENCE SET; Schema: public; Owner: postgres
--

SELECT pg_catalog.setval('public.auth_group_permissions_id_seq', 1, false);


--
-- Name: auth_permission_id_seq; Type: SEQUENCE SET; Schema: public; Owner: postgres
--

SELECT pg_catalog.setval('public.auth_permission_id_seq', 56, true);


--
-- Name: auth_user_groups_id_seq; Type: SEQUENCE SET; Schema: public; Owner: postgres
--

SELECT pg_catalog.setval('public.auth_user_groups_id_seq', 1, false);


--
-- Name: auth_user_id_seq; Type: SEQUENCE SET; Schema: public; Owner: postgres
--

SELECT pg_catalog.setval('public.auth_user_id_seq', 1, true);


--
-- Name: auth_user_user_permissions_id_seq; Type: SEQUENCE SET; Schema: public; Owner: postgres
--

SELECT pg_catalog.setval('public.auth_user_user_permissions_id_seq', 1, false);


--
-- Name: boundingbox_boundingbox_id_seq; Type: SEQUENCE SET; Schema: public; Owner: postgres
--

SELECT pg_catalog.setval('public.boundingbox_boundingbox_id_seq', 1, false);


--
-- Name: contact_contact_id_seq; Type: SEQUENCE SET; Schema: public; Owner: postgres
--

SELECT pg_catalog.setval('public.contact_contact_id_seq', 1, false);


--
-- Name: dataType_datatype_id_seq; Type: SEQUENCE SET; Schema: public; Owner: postgres
--

SELECT pg_catalog.setval('public."dataType_datatype_id_seq"', 1, false);


--
-- Name: datasets_dataset_Tag_id_seq; Type: SEQUENCE SET; Schema: public; Owner: postgres
--

SELECT pg_catalog.setval('public."datasets_dataset_Tag_id_seq"', 1, false);


--
-- Name: datasets_dataset_Topic_id_seq; Type: SEQUENCE SET; Schema: public; Owner: postgres
--

SELECT pg_catalog.setval('public."datasets_dataset_Topic_id_seq"', 1, false);


--
-- Name: datasets_dataset_id_seq; Type: SEQUENCE SET; Schema: public; Owner: postgres
--

SELECT pg_catalog.setval('public.datasets_dataset_id_seq', 1, false);


--
-- Name: django_admin_log_id_seq; Type: SEQUENCE SET; Schema: public; Owner: postgres
--

SELECT pg_catalog.setval('public.django_admin_log_id_seq', 1, false);


--
-- Name: django_content_type_id_seq; Type: SEQUENCE SET; Schema: public; Owner: postgres
--

SELECT pg_catalog.setval('public.django_content_type_id_seq', 14, true);


--
-- Name: django_migrations_id_seq; Type: SEQUENCE SET; Schema: public; Owner: postgres
--

SELECT pg_catalog.setval('public.django_migrations_id_seq', 45, true);


--
-- Name: project_project_id_seq; Type: SEQUENCE SET; Schema: public; Owner: postgres
--

SELECT pg_catalog.setval('public.project_project_id_seq', 1, false);


--
-- Name: spatialInfo_spatialrepresentationinfo_id_seq; Type: SEQUENCE SET; Schema: public; Owner: postgres
--

SELECT pg_catalog.setval('public."spatialInfo_spatialrepresentationinfo_id_seq"', 1, false);


--
-- Name: tag_tag_id_seq; Type: SEQUENCE SET; Schema: public; Owner: postgres
--

SELECT pg_catalog.setval('public.tag_tag_id_seq', 1, false);


--
-- Name: topic_topic_id_seq; Type: SEQUENCE SET; Schema: public; Owner: postgres
--

SELECT pg_catalog.setval('public.topic_topic_id_seq', 1, false);


--
-- Name: auth_group auth_group_name_key; Type: CONSTRAINT; Schema: public; Owner: postgres
--

ALTER TABLE ONLY public.auth_group
    ADD CONSTRAINT auth_group_name_key UNIQUE (name);


--
-- Name: auth_group_permissions auth_group_permissions_group_id_permission_id_0cd325b0_uniq; Type: CONSTRAINT; Schema: public; Owner: postgres
--

ALTER TABLE ONLY public.auth_group_permissions
    ADD CONSTRAINT auth_group_permissions_group_id_permission_id_0cd325b0_uniq UNIQUE (group_id, permission_id);


--
-- Name: auth_group_permissions auth_group_permissions_pkey; Type: CONSTRAINT; Schema: public; Owner: postgres
--

ALTER TABLE ONLY public.auth_group_permissions
    ADD CONSTRAINT auth_group_permissions_pkey PRIMARY KEY (id);


--
-- Name: auth_group auth_group_pkey; Type: CONSTRAINT; Schema: public; Owner: postgres
--

ALTER TABLE ONLY public.auth_group
    ADD CONSTRAINT auth_group_pkey PRIMARY KEY (id);


--
-- Name: auth_permission auth_permission_content_type_id_codename_01ab375a_uniq; Type: CONSTRAINT; Schema: public; Owner: postgres
--

ALTER TABLE ONLY public.auth_permission
    ADD CONSTRAINT auth_permission_content_type_id_codename_01ab375a_uniq UNIQUE (content_type_id, codename);


--
-- Name: auth_permission auth_permission_pkey; Type: CONSTRAINT; Schema: public; Owner: postgres
--

ALTER TABLE ONLY public.auth_permission
    ADD CONSTRAINT auth_permission_pkey PRIMARY KEY (id);


--
-- Name: auth_user_groups auth_user_groups_pkey; Type: CONSTRAINT; Schema: public; Owner: postgres
--

ALTER TABLE ONLY public.auth_user_groups
    ADD CONSTRAINT auth_user_groups_pkey PRIMARY KEY (id);


--
-- Name: auth_user_groups auth_user_groups_user_id_group_id_94350c0c_uniq; Type: CONSTRAINT; Schema: public; Owner: postgres
--

ALTER TABLE ONLY public.auth_user_groups
    ADD CONSTRAINT auth_user_groups_user_id_group_id_94350c0c_uniq UNIQUE (user_id, group_id);


--
-- Name: auth_user auth_user_pkey; Type: CONSTRAINT; Schema: public; Owner: postgres
--

ALTER TABLE ONLY public.auth_user
    ADD CONSTRAINT auth_user_pkey PRIMARY KEY (id);


--
-- Name: auth_user_user_permissions auth_user_user_permissions_pkey; Type: CONSTRAINT; Schema: public; Owner: postgres
--

ALTER TABLE ONLY public.auth_user_user_permissions
    ADD CONSTRAINT auth_user_user_permissions_pkey PRIMARY KEY (id);


--
-- Name: auth_user_user_permissions auth_user_user_permissions_user_id_permission_id_14a6b632_uniq; Type: CONSTRAINT; Schema: public; Owner: postgres
--

ALTER TABLE ONLY public.auth_user_user_permissions
    ADD CONSTRAINT auth_user_user_permissions_user_id_permission_id_14a6b632_uniq UNIQUE (user_id, permission_id);


--
-- Name: auth_user auth_user_username_key; Type: CONSTRAINT; Schema: public; Owner: postgres
--

ALTER TABLE ONLY public.auth_user
    ADD CONSTRAINT auth_user_username_key UNIQUE (username);


--
-- Name: boundingbox_boundingbox boundingbox_boundingbox_pkey; Type: CONSTRAINT; Schema: public; Owner: postgres
--

ALTER TABLE ONLY public.boundingbox_boundingbox
    ADD CONSTRAINT boundingbox_boundingbox_pkey PRIMARY KEY (id);


--
-- Name: contact_contact contact_contact_pkey; Type: CONSTRAINT; Schema: public; Owner: postgres
--

ALTER TABLE ONLY public.contact_contact
    ADD CONSTRAINT contact_contact_pkey PRIMARY KEY (id);


--
-- Name: dataType_datatype dataType_datatype_pkey; Type: CONSTRAINT; Schema: public; Owner: postgres
--

ALTER TABLE ONLY public."dataType_datatype"
    ADD CONSTRAINT "dataType_datatype_pkey" PRIMARY KEY (id);


--
-- Name: datasets_dataset_Tag datasets_dataset_Tag_dataset_id_tag_id_63c7af8f_uniq; Type: CONSTRAINT; Schema: public; Owner: postgres
--

ALTER TABLE ONLY public."datasets_dataset_Tag"
    ADD CONSTRAINT "datasets_dataset_Tag_dataset_id_tag_id_63c7af8f_uniq" UNIQUE (dataset_id, tag_id);


--
-- Name: datasets_dataset_Tag datasets_dataset_Tag_pkey; Type: CONSTRAINT; Schema: public; Owner: postgres
--

ALTER TABLE ONLY public."datasets_dataset_Tag"
    ADD CONSTRAINT "datasets_dataset_Tag_pkey" PRIMARY KEY (id);


--
-- Name: datasets_dataset_Topic datasets_dataset_Topic_dataset_id_topic_id_490de3e7_uniq; Type: CONSTRAINT; Schema: public; Owner: postgres
--

ALTER TABLE ONLY public."datasets_dataset_Topic"
    ADD CONSTRAINT "datasets_dataset_Topic_dataset_id_topic_id_490de3e7_uniq" UNIQUE (dataset_id, topic_id);


--
-- Name: datasets_dataset_Topic datasets_dataset_Topic_pkey; Type: CONSTRAINT; Schema: public; Owner: postgres
--

ALTER TABLE ONLY public."datasets_dataset_Topic"
    ADD CONSTRAINT "datasets_dataset_Topic_pkey" PRIMARY KEY (id);


--
-- Name: datasets_dataset datasets_dataset_pkey; Type: CONSTRAINT; Schema: public; Owner: postgres
--

ALTER TABLE ONLY public.datasets_dataset
    ADD CONSTRAINT datasets_dataset_pkey PRIMARY KEY (id);


--
-- Name: django_admin_log django_admin_log_pkey; Type: CONSTRAINT; Schema: public; Owner: postgres
--

ALTER TABLE ONLY public.django_admin_log
    ADD CONSTRAINT django_admin_log_pkey PRIMARY KEY (id);


--
-- Name: django_content_type django_content_type_app_label_model_76bd3d3b_uniq; Type: CONSTRAINT; Schema: public; Owner: postgres
--

ALTER TABLE ONLY public.django_content_type
    ADD CONSTRAINT django_content_type_app_label_model_76bd3d3b_uniq UNIQUE (app_label, model);


--
-- Name: django_content_type django_content_type_pkey; Type: CONSTRAINT; Schema: public; Owner: postgres
--

ALTER TABLE ONLY public.django_content_type
    ADD CONSTRAINT django_content_type_pkey PRIMARY KEY (id);


--
-- Name: django_migrations django_migrations_pkey; Type: CONSTRAINT; Schema: public; Owner: postgres
--

ALTER TABLE ONLY public.django_migrations
    ADD CONSTRAINT django_migrations_pkey PRIMARY KEY (id);


--
-- Name: django_session django_session_pkey; Type: CONSTRAINT; Schema: public; Owner: postgres
--

ALTER TABLE ONLY public.django_session
    ADD CONSTRAINT django_session_pkey PRIMARY KEY (session_key);


--
-- Name: project_project project_project_pkey; Type: CONSTRAINT; Schema: public; Owner: postgres
--

ALTER TABLE ONLY public.project_project
    ADD CONSTRAINT project_project_pkey PRIMARY KEY (id);


--
-- Name: spatialInfo_spatialrepresentationinfo spatialInfo_spatialrepresentationinfo_pkey; Type: CONSTRAINT; Schema: public; Owner: postgres
--

ALTER TABLE ONLY public."spatialInfo_spatialrepresentationinfo"
    ADD CONSTRAINT "spatialInfo_spatialrepresentationinfo_pkey" PRIMARY KEY (id);


--
-- Name: tag_tag tag_tag_pkey; Type: CONSTRAINT; Schema: public; Owner: postgres
--

ALTER TABLE ONLY public.tag_tag
    ADD CONSTRAINT tag_tag_pkey PRIMARY KEY (id);


--
-- Name: topic_topic topic_topic_pkey; Type: CONSTRAINT; Schema: public; Owner: postgres
--

ALTER TABLE ONLY public.topic_topic
    ADD CONSTRAINT topic_topic_pkey PRIMARY KEY (id);


--
-- Name: auth_group_name_a6ea08ec_like; Type: INDEX; Schema: public; Owner: postgres
--

CREATE INDEX auth_group_name_a6ea08ec_like ON public.auth_group USING btree (name varchar_pattern_ops);


--
-- Name: auth_group_permissions_group_id_b120cbf9; Type: INDEX; Schema: public; Owner: postgres
--

CREATE INDEX auth_group_permissions_group_id_b120cbf9 ON public.auth_group_permissions USING btree (group_id);


--
-- Name: auth_group_permissions_permission_id_84c5c92e; Type: INDEX; Schema: public; Owner: postgres
--

CREATE INDEX auth_group_permissions_permission_id_84c5c92e ON public.auth_group_permissions USING btree (permission_id);


--
-- Name: auth_permission_content_type_id_2f476e4b; Type: INDEX; Schema: public; Owner: postgres
--

CREATE INDEX auth_permission_content_type_id_2f476e4b ON public.auth_permission USING btree (content_type_id);


--
-- Name: auth_user_groups_group_id_97559544; Type: INDEX; Schema: public; Owner: postgres
--

CREATE INDEX auth_user_groups_group_id_97559544 ON public.auth_user_groups USING btree (group_id);


--
-- Name: auth_user_groups_user_id_6a12ed8b; Type: INDEX; Schema: public; Owner: postgres
--

CREATE INDEX auth_user_groups_user_id_6a12ed8b ON public.auth_user_groups USING btree (user_id);


--
-- Name: auth_user_user_permissions_permission_id_1fbb5f2c; Type: INDEX; Schema: public; Owner: postgres
--

CREATE INDEX auth_user_user_permissions_permission_id_1fbb5f2c ON public.auth_user_user_permissions USING btree (permission_id);


--
-- Name: auth_user_user_permissions_user_id_a95ead1b; Type: INDEX; Schema: public; Owner: postgres
--

CREATE INDEX auth_user_user_permissions_user_id_a95ead1b ON public.auth_user_user_permissions USING btree (user_id);


--
-- Name: auth_user_username_6821ab7c_like; Type: INDEX; Schema: public; Owner: postgres
--

CREATE INDEX auth_user_username_6821ab7c_like ON public.auth_user USING btree (username varchar_pattern_ops);


--
-- Name: datasets_dataset_SpatialRepresentationInfo_id_cb3b702a; Type: INDEX; Schema: public; Owner: postgres
--

CREATE INDEX "datasets_dataset_SpatialRepresentationInfo_id_cb3b702a" ON public.datasets_dataset USING btree ("SpatialInfo_id");


--
-- Name: datasets_dataset_Tag_dataset_id_d5e4c20d; Type: INDEX; Schema: public; Owner: postgres
--

CREATE INDEX "datasets_dataset_Tag_dataset_id_d5e4c20d" ON public."datasets_dataset_Tag" USING btree (dataset_id);


--
-- Name: datasets_dataset_Tag_tag_id_8a2a3419; Type: INDEX; Schema: public; Owner: postgres
--

CREATE INDEX "datasets_dataset_Tag_tag_id_8a2a3419" ON public."datasets_dataset_Tag" USING btree (tag_id);


--
-- Name: datasets_dataset_Topic_dataset_id_4623b982; Type: INDEX; Schema: public; Owner: postgres
--

CREATE INDEX "datasets_dataset_Topic_dataset_id_4623b982" ON public."datasets_dataset_Topic" USING btree (dataset_id);


--
-- Name: datasets_dataset_Topic_topic_id_708188af; Type: INDEX; Schema: public; Owner: postgres
--

CREATE INDEX "datasets_dataset_Topic_topic_id_708188af" ON public."datasets_dataset_Topic" USING btree (topic_id);


--
-- Name: datasets_dataset_boundingBox_id_3ce6caed; Type: INDEX; Schema: public; Owner: postgres
--

CREATE INDEX "datasets_dataset_boundingBox_id_3ce6caed" ON public.datasets_dataset USING btree ("boundingBox_id");


--
-- Name: datasets_dataset_contact_id_e08702c0; Type: INDEX; Schema: public; Owner: postgres
--

CREATE INDEX datasets_dataset_contact_id_e08702c0 ON public.datasets_dataset USING btree (contact_id);


--
-- Name: datasets_dataset_dataType_id_id_5f97ee93; Type: INDEX; Schema: public; Owner: postgres
--

CREATE INDEX "datasets_dataset_dataType_id_id_5f97ee93" ON public.datasets_dataset USING btree ("dataType_id");


--
-- Name: datasets_dataset_project_id_7eef47f2; Type: INDEX; Schema: public; Owner: postgres
--

CREATE INDEX datasets_dataset_project_id_7eef47f2 ON public.datasets_dataset USING btree (project_id);


--
-- Name: django_admin_log_content_type_id_c4bce8eb; Type: INDEX; Schema: public; Owner: postgres
--

CREATE INDEX django_admin_log_content_type_id_c4bce8eb ON public.django_admin_log USING btree (content_type_id);


--
-- Name: django_admin_log_user_id_c564eba6; Type: INDEX; Schema: public; Owner: postgres
--

CREATE INDEX django_admin_log_user_id_c564eba6 ON public.django_admin_log USING btree (user_id);


--
-- Name: django_session_expire_date_a5c62663; Type: INDEX; Schema: public; Owner: postgres
--

CREATE INDEX django_session_expire_date_a5c62663 ON public.django_session USING btree (expire_date);


--
-- Name: django_session_session_key_c0390e0f_like; Type: INDEX; Schema: public; Owner: postgres
--

CREATE INDEX django_session_session_key_c0390e0f_like ON public.django_session USING btree (session_key varchar_pattern_ops);


--
-- Name: auth_group_permissions auth_group_permissio_permission_id_84c5c92e_fk_auth_perm; Type: FK CONSTRAINT; Schema: public; Owner: postgres
--

ALTER TABLE ONLY public.auth_group_permissions
    ADD CONSTRAINT auth_group_permissio_permission_id_84c5c92e_fk_auth_perm FOREIGN KEY (permission_id) REFERENCES public.auth_permission(id) DEFERRABLE INITIALLY DEFERRED;


--
-- Name: auth_group_permissions auth_group_permissions_group_id_b120cbf9_fk_auth_group_id; Type: FK CONSTRAINT; Schema: public; Owner: postgres
--

ALTER TABLE ONLY public.auth_group_permissions
    ADD CONSTRAINT auth_group_permissions_group_id_b120cbf9_fk_auth_group_id FOREIGN KEY (group_id) REFERENCES public.auth_group(id) DEFERRABLE INITIALLY DEFERRED;


--
-- Name: auth_permission auth_permission_content_type_id_2f476e4b_fk_django_co; Type: FK CONSTRAINT; Schema: public; Owner: postgres
--

ALTER TABLE ONLY public.auth_permission
    ADD CONSTRAINT auth_permission_content_type_id_2f476e4b_fk_django_co FOREIGN KEY (content_type_id) REFERENCES public.django_content_type(id) DEFERRABLE INITIALLY DEFERRED;


--
-- Name: auth_user_groups auth_user_groups_group_id_97559544_fk_auth_group_id; Type: FK CONSTRAINT; Schema: public; Owner: postgres
--

ALTER TABLE ONLY public.auth_user_groups
    ADD CONSTRAINT auth_user_groups_group_id_97559544_fk_auth_group_id FOREIGN KEY (group_id) REFERENCES public.auth_group(id) DEFERRABLE INITIALLY DEFERRED;


--
-- Name: auth_user_groups auth_user_groups_user_id_6a12ed8b_fk_auth_user_id; Type: FK CONSTRAINT; Schema: public; Owner: postgres
--

ALTER TABLE ONLY public.auth_user_groups
    ADD CONSTRAINT auth_user_groups_user_id_6a12ed8b_fk_auth_user_id FOREIGN KEY (user_id) REFERENCES public.auth_user(id) DEFERRABLE INITIALLY DEFERRED;


--
-- Name: auth_user_user_permissions auth_user_user_permi_permission_id_1fbb5f2c_fk_auth_perm; Type: FK CONSTRAINT; Schema: public; Owner: postgres
--

ALTER TABLE ONLY public.auth_user_user_permissions
    ADD CONSTRAINT auth_user_user_permi_permission_id_1fbb5f2c_fk_auth_perm FOREIGN KEY (permission_id) REFERENCES public.auth_permission(id) DEFERRABLE INITIALLY DEFERRED;


--
-- Name: auth_user_user_permissions auth_user_user_permissions_user_id_a95ead1b_fk_auth_user_id; Type: FK CONSTRAINT; Schema: public; Owner: postgres
--

ALTER TABLE ONLY public.auth_user_user_permissions
    ADD CONSTRAINT auth_user_user_permissions_user_id_a95ead1b_fk_auth_user_id FOREIGN KEY (user_id) REFERENCES public.auth_user(id) DEFERRABLE INITIALLY DEFERRED;


--
-- Name: datasets_dataset datasets_dataset_SpatialInfo_id_b7bee2a3_fk_spatialIn; Type: FK CONSTRAINT; Schema: public; Owner: postgres
--

ALTER TABLE ONLY public.datasets_dataset
    ADD CONSTRAINT "datasets_dataset_SpatialInfo_id_b7bee2a3_fk_spatialIn" FOREIGN KEY ("SpatialInfo_id") REFERENCES public."spatialInfo_spatialrepresentationinfo"(id) DEFERRABLE INITIALLY DEFERRED;


--
-- Name: datasets_dataset_Tag datasets_dataset_Tag_dataset_id_d5e4c20d_fk_datasets_dataset_id; Type: FK CONSTRAINT; Schema: public; Owner: postgres
--

ALTER TABLE ONLY public."datasets_dataset_Tag"
    ADD CONSTRAINT "datasets_dataset_Tag_dataset_id_d5e4c20d_fk_datasets_dataset_id" FOREIGN KEY (dataset_id) REFERENCES public.datasets_dataset(id) DEFERRABLE INITIALLY DEFERRED;


--
-- Name: datasets_dataset_Tag datasets_dataset_Tag_tag_id_8a2a3419_fk_tag_tag_id; Type: FK CONSTRAINT; Schema: public; Owner: postgres
--

ALTER TABLE ONLY public."datasets_dataset_Tag"
    ADD CONSTRAINT "datasets_dataset_Tag_tag_id_8a2a3419_fk_tag_tag_id" FOREIGN KEY (tag_id) REFERENCES public.tag_tag(id) DEFERRABLE INITIALLY DEFERRED;


--
-- Name: datasets_dataset_Topic datasets_dataset_Top_dataset_id_4623b982_fk_datasets_; Type: FK CONSTRAINT; Schema: public; Owner: postgres
--

ALTER TABLE ONLY public."datasets_dataset_Topic"
    ADD CONSTRAINT "datasets_dataset_Top_dataset_id_4623b982_fk_datasets_" FOREIGN KEY (dataset_id) REFERENCES public.datasets_dataset(id) DEFERRABLE INITIALLY DEFERRED;


--
-- Name: datasets_dataset_Topic datasets_dataset_Topic_topic_id_708188af_fk_topic_topic_id; Type: FK CONSTRAINT; Schema: public; Owner: postgres
--

ALTER TABLE ONLY public."datasets_dataset_Topic"
    ADD CONSTRAINT "datasets_dataset_Topic_topic_id_708188af_fk_topic_topic_id" FOREIGN KEY (topic_id) REFERENCES public.topic_topic(id) DEFERRABLE INITIALLY DEFERRED;


--
-- Name: datasets_dataset datasets_dataset_boundingBox_id_3ce6caed_fk_boundingb; Type: FK CONSTRAINT; Schema: public; Owner: postgres
--

ALTER TABLE ONLY public.datasets_dataset
    ADD CONSTRAINT "datasets_dataset_boundingBox_id_3ce6caed_fk_boundingb" FOREIGN KEY ("boundingBox_id") REFERENCES public.boundingbox_boundingbox(id) DEFERRABLE INITIALLY DEFERRED;


--
-- Name: datasets_dataset datasets_dataset_contact_id_e08702c0_fk_contact_contact_id; Type: FK CONSTRAINT; Schema: public; Owner: postgres
--

ALTER TABLE ONLY public.datasets_dataset
    ADD CONSTRAINT datasets_dataset_contact_id_e08702c0_fk_contact_contact_id FOREIGN KEY (contact_id) REFERENCES public.contact_contact(id) DEFERRABLE INITIALLY DEFERRED;


--
-- Name: datasets_dataset datasets_dataset_dataType_id_26851ea1_fk_dataType_datatype_id; Type: FK CONSTRAINT; Schema: public; Owner: postgres
--

ALTER TABLE ONLY public.datasets_dataset
    ADD CONSTRAINT "datasets_dataset_dataType_id_26851ea1_fk_dataType_datatype_id" FOREIGN KEY ("dataType_id") REFERENCES public."dataType_datatype"(id) DEFERRABLE INITIALLY DEFERRED;


--
-- Name: datasets_dataset datasets_dataset_project_id_7eef47f2_fk_project_project_id; Type: FK CONSTRAINT; Schema: public; Owner: postgres
--

ALTER TABLE ONLY public.datasets_dataset
    ADD CONSTRAINT datasets_dataset_project_id_7eef47f2_fk_project_project_id FOREIGN KEY (project_id) REFERENCES public.project_project(id) DEFERRABLE INITIALLY DEFERRED;


--
-- Name: django_admin_log django_admin_log_content_type_id_c4bce8eb_fk_django_co; Type: FK CONSTRAINT; Schema: public; Owner: postgres
--

ALTER TABLE ONLY public.django_admin_log
    ADD CONSTRAINT django_admin_log_content_type_id_c4bce8eb_fk_django_co FOREIGN KEY (content_type_id) REFERENCES public.django_content_type(id) DEFERRABLE INITIALLY DEFERRED;


--
-- Name: django_admin_log django_admin_log_user_id_c564eba6_fk_auth_user_id; Type: FK CONSTRAINT; Schema: public; Owner: postgres
--

ALTER TABLE ONLY public.django_admin_log
    ADD CONSTRAINT django_admin_log_user_id_c564eba6_fk_auth_user_id FOREIGN KEY (user_id) REFERENCES public.auth_user(id) DEFERRABLE INITIALLY DEFERRED;


--
-- PostgreSQL database dump complete
--

